designType,price,size
pet_sign,299,small
custom_order,399,medium
love_letter,399,medium
custom_order,399,medium
quotable,399,medium
love_letter,299,small
love_letter,499,large
love_letter,299,small
baby_sign,299,small
family_tree,999,large
pet_sign,299,small
quotable,299,small
love_letter,299,small
baby_sign,399,medium
love_letter,299,small
custom_order,299,small
love_letter,299,small
custom_order,299,small
quotable,299,small
pet_sign,399,medium
family_tree,999,large
quotable,299,small
pet_sign,499,large
baby_sign,299,small
love_letter,399,medium
custom_order,399,medium
custom_order,399,medium
quotable,299,small
family_tree,499,small
baby_sign,499,large
custom_order,499,large
love_letter,499,large
baby_sign,299,small
pet_sign,499,large
love_letter,299,small
family_tree,499,small
pet_sign,299,small
pet_sign,399,medium
baby_sign,499,large
love_letter,499,large
love_letter,399,medium
custom_order,499,large
baby_sign,399,medium
baby_sign,399,medium
pet_sign,399,medium
baby_sign,399,medium
quotable,399,medium
pet_sign,299,small
love_letter,399,medium
custom_order,499,large
quotable,399,medium
custom_order,299,small
pet_sign,399,medium
baby_sign,399,medium
family_tree,999,large
quotable,499,large
quotable,299,small
pet_sign,399,medium
quotable,499,large
quotable,499,large
family_tree,699,medium
love_letter,399,medium
love_letter,399,medium
quotable,299,small
family_tree,499,small
family_tree,999,large
love_letter,399,medium
baby_sign,499,large
baby_sign,499,large
quotable,399,medium
love_letter,299,small
baby_sign,499,large
quotable,299,small
quotable,299,small
custom_order,399,medium
love_letter,499,large
love_letter,399,medium
quotable,299,small
custom_order,399,medium
baby_sign,299,small
pet_sign,399,medium
love_letter,399,medium
custom_order,299,small
quotable,499,large
family_tree,699,medium
baby_sign,399,medium
quotable,399,medium
quotable,399,medium
family_tree,499,small
baby_sign,399,medium
love_letter,399,medium
baby_sign,399,medium
pet_sign,299,small
family_tree,999,large
pet_sign,399,medium
baby_sign,399,medium
family_tree,699,medium
baby_sign,399,medium
baby_sign,299,small
love_letter,399,medium
custom_order,299,small
pet_sign,499,large
pet_sign,399,medium
quotable,299,small
pet_sign,299,small
baby_sign,399,medium
quotable,499,large
custom_order,499,large
family_tree,699,medium
baby_sign,399,medium
quotable,399,medium
baby_sign,299,small
love_letter,399,medium
custom_order,499,large
family_tree,699,medium
pet_sign,299,small
love_letter,399,medium
custom_order,399,medium
baby_sign,499,large
love_letter,299,small
quotable,299,small
custom_order,299,small
pet_sign,499,large
pet_sign,499,large
family_tree,499,small
custom_order,399,medium
custom_order,299,small
love_letter,399,medium
custom_order,399,medium
pet_sign,299,small
custom_order,399,medium
love_letter,299,small
pet_sign,299,small
family_tree,499,small
baby_sign,299,small
love_letter,299,small
quotable,499,large
custom_order,399,medium
family_tree,499,small
pet_sign,399,medium
love_letter,499,large
baby_sign,399,medium
baby_sign,399,medium
baby_sign,299,small
love_letter,499,large
pet_sign,399,medium
custom_order,499,large
custom_order,299,small
pet_sign,299,small
pet_sign,299,small
pet_sign,399,medium
baby_sign,399,medium
quotable,299,small
love_letter,299,small
quotable,299,small
quotable,299,small
pet_sign,499,large
pet_sign,399,medium
love_letter,399,medium
custom_order,399,medium
family_tree,999,large
custom_order,499,large
pet_sign,499,large
custom_order,499,large
quotable,399,medium
family_tree,699,medium
family_tree,699,medium
love_letter,499,large
love_letter,499,large
family_tree,999,large
pet_sign,399,medium
pet_sign,499,large
pet_sign,299,small
pet_sign,299,small
family_tree,999,large
love_letter,399,medium
baby_sign,399,medium
quotable,299,small
pet_sign,499,large
baby_sign,299,small
quotable,499,large
family_tree,999,large
quotable,499,large
love_letter,299,small
pet_sign,499,large
baby_sign,499,large
baby_sign,299,small
pet_sign,299,small
custom_order,399,medium
family_tree,999,large
custom_order,499,large
baby_sign,499,large
family_tree,999,large
baby_sign,299,small
pet_sign,499,large
love_letter,299,small
baby_sign,399,medium
custom_order,399,medium
baby_sign,299,small
baby_sign,499,large
love_letter,499,large
baby_sign,499,large
baby_sign,299,small
love_letter,399,medium
custom_order,399,medium
pet_sign,299,small
pet_sign,399,medium
quotable,399,medium
baby_sign,299,small
love_letter,399,medium
quotable,299,small
custom_order,299,small
family_tree,999,large
family_tree,699,medium
family_tree,499,small
family_tree,699,medium
love_letter,499,large
family_tree,999,large
pet_sign,399,medium
custom_order,399,medium
custom_order,499,large
baby_sign,299,small
baby_sign,299,small
custom_order,299,small
family_tree,499,small
custom_order,499,large
love_letter,499,large
custom_order,299,small
love_letter,399,medium
quotable,399,medium
baby_sign,399,medium
family_tree,499,small
custom_order,399,medium
love_letter,399,medium
love_letter,299,small
family_tree,499,small
family_tree,699,medium
quotable,399,medium
pet_sign,499,large
family_tree,699,medium
quotable,399,medium
custom_order,299,small
love_letter,399,medium
baby_sign,299,small
family_tree,999,large
custom_order,399,medium
pet_sign,499,large
custom_order,299,small
family_tree,999,large
quotable,399,medium
love_letter,399,medium
pet_sign,499,large
family_tree,699,medium
love_letter,499,large
pet_sign,299,small
quotable,499,large
baby_sign,399,medium
quotable,299,small
quotable,499,large
pet_sign,299,small
pet_sign,399,medium
love_letter,299,small
custom_order,399,medium
quotable,499,large
family_tree,999,large
quotable,499,large
love_letter,499,large
family_tree,699,medium
love_letter,499,large
custom_order,399,medium
baby_sign,399,medium
love_letter,299,small
pet_sign,399,medium
quotable,299,small
family_tree,699,medium
custom_order,499,large
custom_order,299,small
custom_order,499,large
pet_sign,499,large
pet_sign,299,small
pet_sign,399,medium
love_letter,399,medium
custom_order,499,large
pet_sign,499,large
pet_sign,499,large
quotable,299,small
family_tree,999,large
custom_order,399,medium
love_letter,499,large
custom_order,399,medium
family_tree,999,large
quotable,299,small
love_letter,499,large
love_letter,399,medium
custom_order,299,small
baby_sign,399,medium
quotable,399,medium
family_tree,999,large
quotable,299,small
family_tree,499,small
custom_order,499,large
pet_sign,299,small
love_letter,299,small
baby_sign,399,medium
baby_sign,299,small
pet_sign,499,large
love_letter,499,large
quotable,399,medium
custom_order,399,medium
family_tree,499,small
custom_order,299,small
baby_sign,399,medium
family_tree,499,small
love_letter,399,medium
pet_sign,499,large
love_letter,499,large
family_tree,999,large
quotable,399,medium
pet_sign,499,large
baby_sign,299,small
quotable,399,medium
baby_sign,399,medium
pet_sign,499,large
quotable,499,large
baby_sign,299,small
quotable,499,large
pet_sign,399,medium
pet_sign,499,large
baby_sign,299,small
family_tree,499,small
custom_order,299,small
pet_sign,499,large
love_letter,399,medium
quotable,499,large
family_tree,699,medium
baby_sign,299,small
pet_sign,299,small
family_tree,499,small
baby_sign,499,large
baby_sign,299,small
custom_order,499,large
love_letter,499,large
baby_sign,499,large
baby_sign,299,small
custom_order,399,medium
love_letter,399,medium
baby_sign,399,medium
quotable,399,medium
baby_sign,399,medium
pet_sign,499,large
love_letter,299,small
family_tree,499,small
love_letter,399,medium
love_letter,299,small
family_tree,499,small
family_tree,999,large
love_letter,499,large
love_letter,499,large
love_letter,299,small
quotable,499,large
love_letter,299,small
pet_sign,399,medium
quotable,299,small
custom_order,399,medium
pet_sign,299,small
baby_sign,299,small
custom_order,499,large
love_letter,399,medium
baby_sign,299,small
family_tree,499,small
pet_sign,299,small
quotable,399,medium
pet_sign,399,medium
quotable,399,medium
family_tree,499,small
family_tree,499,small
pet_sign,499,large
baby_sign,399,medium
love_letter,399,medium
pet_sign,399,medium
custom_order,299,small
baby_sign,399,medium
quotable,499,large
family_tree,699,medium
quotable,299,small
love_letter,499,large
family_tree,499,small
love_letter,399,medium
love_letter,399,medium
quotable,299,small
baby_sign,399,medium
baby_sign,499,large
pet_sign,499,large
love_letter,499,large
baby_sign,499,large
love_letter,499,large
quotable,299,small
love_letter,399,medium
custom_order,399,medium
baby_sign,399,medium
custom_order,499,large
quotable,499,large
family_tree,499,small
baby_sign,499,large
custom_order,499,large
pet_sign,299,small
custom_order,399,medium
love_letter,299,small
pet_sign,499,large
love_letter,499,large
quotable,499,large
love_letter,399,medium
love_letter,299,small
custom_order,399,medium
love_letter,399,medium
family_tree,499,small
custom_order,399,medium
quotable,299,small
pet_sign,499,large
family_tree,499,small
custom_order,299,small
family_tree,999,large
baby_sign,399,medium
family_tree,699,medium
baby_sign,399,medium
baby_sign,499,large
baby_sign,399,medium
pet_sign,299,small
custom_order,399,medium
family_tree,699,medium
quotable,299,small
quotable,299,small
custom_order,499,large
family_tree,999,large
love_letter,499,large
love_letter,299,small
custom_order,399,medium
baby_sign,499,large
baby_sign,299,small
baby_sign,399,medium
custom_order,299,small
quotable,499,large
love_letter,299,small
pet_sign,499,large
family_tree,999,large
pet_sign,299,small
quotable,499,large
quotable,399,medium
love_letter,299,small
love_letter,399,medium
baby_sign,299,small
pet_sign,399,medium
baby_sign,399,medium
pet_sign,499,large
pet_sign,499,large
custom_order,499,large
custom_order,299,small
custom_order,499,large
pet_sign,399,medium
custom_order,399,medium
pet_sign,299,small
love_letter,499,large
love_letter,399,medium
quotable,299,small
love_letter,299,small
love_letter,399,medium
quotable,399,medium
family_tree,499,small
pet_sign,299,small
quotable,499,large
baby_sign,399,medium
custom_order,499,large
love_letter,299,small
custom_order,299,small
baby_sign,499,large
pet_sign,399,medium
love_letter,399,medium
quotable,299,small
family_tree,499,small
love_letter,399,medium
love_letter,499,large
custom_order,399,medium
quotable,299,small
family_tree,699,medium
pet_sign,399,medium
custom_order,399,medium
pet_sign,299,small
family_tree,499,small
love_letter,499,large
baby_sign,399,medium
love_letter,399,medium
pet_sign,399,medium
baby_sign,299,small
quotable,299,small
love_letter,499,large
custom_order,399,medium
quotable,299,small
baby_sign,399,medium
baby_sign,499,large
baby_sign,299,small
quotable,299,small
pet_sign,399,medium
family_tree,699,medium
love_letter,399,medium
quotable,399,medium
quotable,399,medium
baby_sign,399,medium
quotable,299,small
love_letter,299,small
baby_sign,399,medium
custom_order,399,medium
quotable,399,medium
quotable,499,large
pet_sign,299,small
family_tree,499,small
baby_sign,299,small
love_letter,299,small
quotable,299,small
family_tree,699,medium
baby_sign,499,large
baby_sign,499,large
pet_sign,299,small
baby_sign,299,small
pet_sign,299,small
baby_sign,499,large
custom_order,399,medium
family_tree,499,small
love_letter,399,medium
love_letter,399,medium
quotable,499,large
quotable,399,medium
custom_order,399,medium
baby_sign,299,small
family_tree,999,large
quotable,499,large
pet_sign,399,medium
love_letter,399,medium
love_letter,299,small
quotable,499,large
love_letter,299,small
pet_sign,399,medium
family_tree,699,medium
quotable,399,medium
custom_order,299,small
pet_sign,299,small
pet_sign,399,medium
love_letter,399,medium
baby_sign,499,large
family_tree,699,medium
love_letter,499,large
pet_sign,499,large
custom_order,399,medium
quotable,299,small
pet_sign,399,medium
custom_order,499,large
love_letter,499,large
love_letter,499,large
quotable,499,large
baby_sign,499,large
family_tree,499,small
family_tree,499,small
family_tree,699,medium
quotable,499,large
custom_order,499,large
custom_order,499,large
family_tree,699,medium
pet_sign,299,small
family_tree,499,small
baby_sign,299,small
custom_order,299,small
quotable,299,small
pet_sign,299,small
family_tree,499,small
family_tree,999,large
custom_order,499,large
pet_sign,299,small
love_letter,299,small
family_tree,699,medium
family_tree,999,large
pet_sign,499,large
love_letter,499,large
family_tree,499,small
baby_sign,399,medium
baby_sign,299,small
quotable,399,medium
family_tree,999,large
family_tree,999,large
love_letter,399,medium
quotable,299,small
custom_order,299,small
baby_sign,499,large
pet_sign,499,large
family_tree,699,medium
family_tree,699,medium
pet_sign,499,large
baby_sign,499,large
custom_order,299,small
family_tree,699,medium
love_letter,399,medium
family_tree,999,large
family_tree,999,large
love_letter,499,large
baby_sign,499,large
pet_sign,499,large
pet_sign,299,small
custom_order,399,medium
pet_sign,299,small
love_letter,399,medium
love_letter,499,large
pet_sign,499,large
pet_sign,299,small
baby_sign,399,medium
baby_sign,499,large
custom_order,299,small
baby_sign,299,small
baby_sign,399,medium
baby_sign,499,large
family_tree,999,large
quotable,299,small
pet_sign,299,small
baby_sign,299,small
pet_sign,499,large
family_tree,999,large
custom_order,299,small
love_letter,399,medium
love_letter,399,medium
love_letter,399,medium
family_tree,699,medium
pet_sign,499,large
custom_order,299,small
custom_order,299,small
custom_order,299,small
quotable,499,large
pet_sign,499,large
baby_sign,499,large
family_tree,999,large
pet_sign,299,small
pet_sign,299,small
pet_sign,399,medium
custom_order,499,large
family_tree,499,small
custom_order,299,small
quotable,299,small
family_tree,999,large
love_letter,299,small
pet_sign,399,medium
love_letter,499,large
baby_sign,399,medium
custom_order,399,medium
pet_sign,499,large
baby_sign,499,large
quotable,399,medium
love_letter,399,medium
baby_sign,399,medium
family_tree,499,small
love_letter,299,small
family_tree,499,small
love_letter,399,medium
baby_sign,399,medium
quotable,499,large
family_tree,499,small
love_letter,299,small
quotable,499,large
pet_sign,499,large
love_letter,299,small
custom_order,499,large
custom_order,299,small
pet_sign,299,small
family_tree,499,small
custom_order,299,small
custom_order,399,medium
love_letter,399,medium
love_letter,499,large
family_tree,499,small
pet_sign,299,small
baby_sign,499,large
love_letter,299,small
baby_sign,299,small
family_tree,999,large
pet_sign,399,medium
love_letter,299,small
custom_order,499,large
pet_sign,299,small
custom_order,399,medium
love_letter,399,medium
love_letter,399,medium
baby_sign,499,large
love_letter,399,medium
love_letter,399,medium
baby_sign,399,medium
quotable,399,medium
love_letter,299,small
custom_order,399,medium
baby_sign,299,small
quotable,299,small
family_tree,499,small
quotable,499,large
family_tree,999,large
love_letter,499,large
pet_sign,299,small
custom_order,299,small
pet_sign,499,large
pet_sign,399,medium
baby_sign,399,medium
baby_sign,299,small
baby_sign,299,small
family_tree,499,small
custom_order,299,small
pet_sign,399,medium
baby_sign,499,large
love_letter,299,small
love_letter,499,large
quotable,399,medium
love_letter,299,small
family_tree,699,medium
custom_order,299,small
custom_order,499,large
love_letter,399,medium
pet_sign,399,medium
pet_sign,499,large
pet_sign,299,small
family_tree,699,medium
family_tree,499,small
custom_order,499,large
pet_sign,299,small
baby_sign,499,large
custom_order,499,large
quotable,499,large
family_tree,999,large
quotable,499,large
custom_order,399,medium
custom_order,299,small
family_tree,499,small
pet_sign,399,medium
family_tree,999,large
quotable,499,large
family_tree,499,small
custom_order,299,small
quotable,499,large
custom_order,399,medium
custom_order,499,large
family_tree,699,medium
baby_sign,399,medium
love_letter,399,medium
love_letter,399,medium
custom_order,399,medium
pet_sign,499,large
family_tree,999,large
family_tree,999,large
love_letter,499,large
pet_sign,499,large
love_letter,299,small
love_letter,299,small
custom_order,499,large
pet_sign,299,small
custom_order,399,medium
quotable,399,medium
custom_order,299,small
love_letter,399,medium
quotable,299,small
pet_sign,399,medium
custom_order,499,large
custom_order,499,large
love_letter,499,large
baby_sign,299,small
custom_order,399,medium
baby_sign,399,medium
pet_sign,299,small
baby_sign,399,medium
pet_sign,499,large
custom_order,499,large
quotable,399,medium
quotable,499,large
family_tree,999,large
love_letter,399,medium
love_letter,399,medium
love_letter,399,medium
love_letter,399,medium
family_tree,699,medium
custom_order,499,large
custom_order,499,large
pet_sign,399,medium
love_letter,399,medium
baby_sign,499,large
quotable,399,medium
pet_sign,499,large
love_letter,499,large
quotable,499,large
baby_sign,399,medium
custom_order,399,medium
pet_sign,299,small
pet_sign,299,small
family_tree,699,medium
family_tree,999,large
love_letter,399,medium
custom_order,499,large
quotable,399,medium
pet_sign,499,large
quotable,399,medium
love_letter,399,medium
pet_sign,399,medium
baby_sign,399,medium
pet_sign,299,small
family_tree,499,small
family_tree,499,small
quotable,499,large
quotable,399,medium
baby_sign,499,large
baby_sign,499,large
pet_sign,399,medium
family_tree,699,medium
love_letter,299,small
baby_sign,299,small
love_letter,299,small
quotable,499,large
love_letter,499,large
baby_sign,399,medium
custom_order,299,small
quotable,499,large
quotable,399,medium
baby_sign,299,small
family_tree,999,large
love_letter,299,small
baby_sign,399,medium
family_tree,699,medium
pet_sign,499,large
pet_sign,399,medium
love_letter,299,small
family_tree,699,medium
custom_order,499,large
custom_order,299,small
love_letter,499,large
custom_order,399,medium
custom_order,399,medium
custom_order,499,large
love_letter,399,medium
family_tree,999,large
baby_sign,299,small
custom_order,499,large
pet_sign,299,small
custom_order,299,small
pet_sign,299,small
custom_order,399,medium
custom_order,299,small
love_letter,399,medium
family_tree,699,medium
baby_sign,399,medium
custom_order,299,small
pet_sign,299,small
baby_sign,499,large
love_letter,299,small
baby_sign,499,large
baby_sign,299,small
baby_sign,299,small
pet_sign,299,small
custom_order,499,large
pet_sign,499,large
love_letter,399,medium
pet_sign,299,small
pet_sign,499,large
pet_sign,499,large
pet_sign,499,large
quotable,499,large
family_tree,499,small
baby_sign,299,small
pet_sign,499,large
quotable,399,medium
baby_sign,399,medium
love_letter,499,large
love_letter,299,small
quotable,499,large
custom_order,299,small
family_tree,499,small
pet_sign,499,large
family_tree,999,large
love_letter,399,medium
pet_sign,299,small
love_letter,399,medium
custom_order,299,small
pet_sign,299,small
love_letter,399,medium
love_letter,299,small
quotable,499,large
love_letter,499,large
love_letter,399,medium
baby_sign,499,large
love_letter,499,large
quotable,399,medium
baby_sign,499,large
family_tree,499,small
family_tree,999,large
family_tree,499,small
baby_sign,499,large
quotable,299,small
love_letter,399,medium
love_letter,399,medium
baby_sign,299,small
love_letter,399,medium
pet_sign,499,large
love_letter,299,small
quotable,299,small
love_letter,499,large
pet_sign,399,medium
family_tree,699,medium
baby_sign,499,large
quotable,399,medium
custom_order,499,large
pet_sign,499,large
pet_sign,499,large
quotable,499,large
baby_sign,499,large
family_tree,699,medium
love_letter,299,small
family_tree,999,large
custom_order,299,small
quotable,499,large
love_letter,399,medium
pet_sign,499,large
family_tree,499,small
pet_sign,499,large
love_letter,299,small
quotable,499,large
custom_order,499,large
quotable,499,large
family_tree,999,large
love_letter,499,large
family_tree,699,medium
custom_order,299,small
family_tree,499,small
family_tree,499,small
quotable,499,large
baby_sign,399,medium
pet_sign,399,medium
love_letter,499,large
love_letter,299,small
quotable,399,medium
baby_sign,399,medium
family_tree,699,medium
family_tree,999,large
pet_sign,499,large
baby_sign,299,small
baby_sign,299,small
family_tree,699,medium
custom_order,299,small
custom_order,299,small
family_tree,999,large
custom_order,399,medium
family_tree,699,medium
custom_order,499,large
custom_order,399,medium
family_tree,699,medium
quotable,299,small
pet_sign,399,medium
love_letter,499,large
family_tree,999,large
love_letter,399,medium
baby_sign,499,large
love_letter,299,small
baby_sign,299,small
love_letter,399,medium
baby_sign,299,small
love_letter,399,medium
love_letter,499,large
custom_order,299,small
baby_sign,499,large
family_tree,699,medium
baby_sign,399,medium
pet_sign,499,large
pet_sign,399,medium
custom_order,399,medium
family_tree,699,medium
baby_sign,399,medium
custom_order,299,small
family_tree,499,small
family_tree,699,medium
quotable,399,medium
family_tree,699,medium
family_tree,499,small
pet_sign,499,large
quotable,499,large
custom_order,399,medium
baby_sign,499,large
family_tree,999,large
quotable,399,medium
family_tree,699,medium
custom_order,399,medium
love_letter,499,large
family_tree,499,small
pet_sign,499,large
family_tree,699,medium
baby_sign,399,medium
pet_sign,399,medium
quotable,399,medium
family_tree,699,medium
quotable,299,small
baby_sign,499,large
family_tree,499,small
family_tree,499,small
quotable,499,large
baby_sign,399,medium
baby_sign,499,large
pet_sign,399,medium
quotable,499,large
quotable,399,medium
family_tree,699,medium
pet_sign,299,small
family_tree,999,large
love_letter,399,medium
family_tree,699,medium
baby_sign,299,small
custom_order,299,small
quotable,499,large
baby_sign,299,small
love_letter,499,large
baby_sign,299,small
custom_order,499,large
quotable,499,large
family_tree,499,small
family_tree,699,medium
love_letter,299,small
quotable,399,medium
baby_sign,299,small
baby_sign,399,medium
pet_sign,399,medium
quotable,399,medium
family_tree,999,large
quotable,399,medium
family_tree,499,small
pet_sign,499,large
baby_sign,399,medium
custom_order,499,large
pet_sign,399,medium
pet_sign,299,small
pet_sign,299,small
quotable,299,small
love_letter,399,medium
baby_sign,399,medium
love_letter,499,large
quotable,399,medium
pet_sign,399,medium
love_letter,399,medium
custom_order,299,small
quotable,299,small
baby_sign,299,small
family_tree,499,small
love_letter,299,small
baby_sign,499,large
pet_sign,499,large
family_tree,999,large
love_letter,499,large
pet_sign,499,large
quotable,299,small
family_tree,999,large
love_letter,499,large
custom_order,299,small
quotable,299,small
family_tree,699,medium
custom_order,299,small
family_tree,999,large
quotable,299,small
baby_sign,499,large
quotable,299,small
love_letter,299,small
custom_order,499,large
family_tree,999,large
family_tree,499,small
baby_sign,499,large
love_letter,499,large
quotable,499,large
baby_sign,499,large
pet_sign,399,medium
quotable,499,large
quotable,299,small
quotable,499,large
pet_sign,299,small
family_tree,699,medium
baby_sign,399,medium
custom_order,499,large
quotable,499,large
love_letter,499,large
pet_sign,499,large
pet_sign,299,small
love_letter,299,small
family_tree,999,large
quotable,499,large
family_tree,999,large
baby_sign,399,medium
family_tree,499,small
pet_sign,299,small
family_tree,499,small
family_tree,499,small
family_tree,499,small
custom_order,299,small
love_letter,299,small
love_letter,499,large
baby_sign,399,medium
pet_sign,299,small
quotable,399,medium
quotable,299,small
quotable,299,small
custom_order,299,small
quotable,399,medium
love_letter,399,medium
family_tree,699,medium
quotable,399,medium
custom_order,499,large
love_letter,399,medium
custom_order,299,small
baby_sign,299,small
love_letter,499,large
love_letter,399,medium
pet_sign,399,medium
quotable,299,small
pet_sign,499,large
custom_order,399,medium
love_letter,499,large
pet_sign,299,small
quotable,499,large
family_tree,999,large
family_tree,999,large
custom_order,499,large
love_letter,299,small
love_letter,499,large
family_tree,999,large
pet_sign,499,large
pet_sign,499,large
pet_sign,399,medium
family_tree,499,small
pet_sign,399,medium
pet_sign,499,large
custom_order,499,large
pet_sign,399,medium
custom_order,399,medium
quotable,299,small
quotable,499,large
love_letter,299,small
quotable,399,medium
love_letter,499,large
pet_sign,299,small
quotable,399,medium
pet_sign,499,large
family_tree,499,small
custom_order,499,large
quotable,499,large
love_letter,399,medium
quotable,499,large
baby_sign,499,large
pet_sign,299,small
quotable,299,small
quotable,399,medium
love_letter,499,large
love_letter,299,small
custom_order,299,small
family_tree,999,large
baby_sign,399,medium
custom_order,499,large
custom_order,399,medium
pet_sign,399,medium
love_letter,499,large
family_tree,999,large
family_tree,499,small
custom_order,499,large
love_letter,399,medium
custom_order,299,small
family_tree,999,large
love_letter,499,large
quotable,399,medium
family_tree,999,large
custom_order,499,large
custom_order,399,medium
pet_sign,399,medium
custom_order,499,large
love_letter,399,medium
quotable,299,small
family_tree,999,large
love_letter,399,medium
family_tree,499,small
quotable,299,small
baby_sign,399,medium
family_tree,499,small
pet_sign,499,large
family_tree,499,small
family_tree,699,medium
quotable,499,large
quotable,299,small
baby_sign,399,medium
baby_sign,499,large
pet_sign,299,small
pet_sign,499,large
custom_order,499,large
family_tree,999,large
quotable,299,small
custom_order,299,small
baby_sign,499,large
quotable,399,medium
custom_order,399,medium
quotable,299,small
quotable,299,small
baby_sign,499,large
love_letter,299,small
pet_sign,299,small
baby_sign,499,large
custom_order,299,small
custom_order,399,medium
quotable,499,large
baby_sign,499,large
family_tree,499,small
pet_sign,299,small
family_tree,699,medium
custom_order,299,small
love_letter,499,large
love_letter,499,large
pet_sign,299,small
family_tree,999,large
custom_order,299,small
custom_order,499,large
quotable,299,small
pet_sign,299,small
family_tree,999,large
baby_sign,299,small
love_letter,399,medium
pet_sign,299,small
quotable,299,small
love_letter,399,medium
custom_order,499,large
baby_sign,299,small
love_letter,499,large
pet_sign,399,medium
quotable,299,small
love_letter,299,small
baby_sign,399,medium
love_letter,499,large
custom_order,299,small
family_tree,699,medium
family_tree,699,medium
pet_sign,299,small
custom_order,399,medium
family_tree,699,medium
pet_sign,299,small
family_tree,999,large
family_tree,699,medium
quotable,499,large
baby_sign,399,medium
family_tree,699,medium
quotable,299,small
quotable,499,large
pet_sign,399,medium
family_tree,699,medium
family_tree,999,large
custom_order,399,medium
family_tree,999,large
quotable,299,small
quotable,499,large
love_letter,399,medium
pet_sign,499,large
family_tree,999,large
love_letter,299,small
custom_order,499,large
custom_order,299,small
baby_sign,299,small
custom_order,299,small
quotable,399,medium
pet_sign,299,small
love_letter,499,large
custom_order,299,small
baby_sign,499,large
baby_sign,299,small
quotable,299,small
custom_order,399,medium
baby_sign,299,small
love_letter,399,medium
baby_sign,499,large
quotable,499,large
pet_sign,299,small
love_letter,299,small
pet_sign,299,small
quotable,299,small
baby_sign,499,large
pet_sign,299,small
custom_order,399,medium
love_letter,499,large
family_tree,699,medium
family_tree,499,small
love_letter,299,small
pet_sign,399,medium
custom_order,399,medium
baby_sign,399,medium
love_letter,399,medium
quotable,299,small
pet_sign,499,large
pet_sign,499,large
quotable,399,medium
quotable,299,small
love_letter,399,medium
quotable,399,medium
pet_sign,399,medium
pet_sign,399,medium
quotable,299,small
love_letter,499,large
pet_sign,499,large
family_tree,499,small
baby_sign,499,large
family_tree,999,large
pet_sign,499,large
pet_sign,499,large
custom_order,299,small
quotable,399,medium
love_letter,499,large
baby_sign,299,small
quotable,499,large
love_letter,299,small
baby_sign,299,small
family_tree,499,small
baby_sign,499,large
pet_sign,499,large
quotable,299,small
family_tree,699,medium
quotable,399,medium
quotable,299,small
baby_sign,499,large
baby_sign,399,medium
family_tree,699,medium
custom_order,399,medium
pet_sign,299,small
custom_order,499,large
pet_sign,399,medium
love_letter,299,small
family_tree,999,large
pet_sign,499,large
custom_order,299,small
quotable,299,small
love_letter,499,large
baby_sign,299,small
custom_order,399,medium
pet_sign,299,small
custom_order,499,large
pet_sign,399,medium
pet_sign,299,small
baby_sign,299,small
baby_sign,299,small
family_tree,999,large
quotable,299,small
baby_sign,499,large
love_letter,299,small
custom_order,299,small
love_letter,499,large
quotable,499,large
quotable,499,large
pet_sign,499,large
custom_order,399,medium
baby_sign,399,medium
custom_order,399,medium
quotable,399,medium
baby_sign,399,medium
family_tree,999,large
quotable,399,medium
love_letter,399,medium
custom_order,399,medium
love_letter,399,medium
quotable,299,small
custom_order,499,large
family_tree,499,small
family_tree,999,large
quotable,399,medium
baby_sign,399,medium
love_letter,299,small
pet_sign,399,medium
custom_order,299,small
family_tree,499,small
love_letter,499,large
baby_sign,499,large
baby_sign,299,small
family_tree,499,small
quotable,399,medium
quotable,399,medium
baby_sign,299,small
family_tree,699,medium
pet_sign,499,large
love_letter,399,medium
love_letter,399,medium
love_letter,299,small
love_letter,299,small
love_letter,299,small
love_letter,299,small
custom_order,299,small
baby_sign,499,large
baby_sign,399,medium
custom_order,399,medium
custom_order,299,small
custom_order,499,large
family_tree,499,small
custom_order,299,small
quotable,499,large
baby_sign,399,medium
custom_order,299,small
quotable,399,medium
quotable,299,small
quotable,499,large
love_letter,399,medium
quotable,299,small
custom_order,399,medium
custom_order,399,medium
quotable,499,large
love_letter,299,small
quotable,399,medium
family_tree,999,large
family_tree,999,large
family_tree,999,large
love_letter,399,medium
custom_order,399,medium
quotable,499,large
baby_sign,399,medium
love_letter,499,large
love_letter,499,large
love_letter,299,small
baby_sign,499,large
family_tree,999,large
baby_sign,499,large
pet_sign,499,large
baby_sign,399,medium
quotable,299,small
quotable,499,large
baby_sign,399,medium
love_letter,499,large
family_tree,999,large
baby_sign,399,medium
custom_order,299,small
custom_order,499,large
pet_sign,399,medium
quotable,299,small
pet_sign,299,small
family_tree,499,small
quotable,499,large
custom_order,399,medium
quotable,299,small
family_tree,699,medium
baby_sign,499,large
baby_sign,399,medium
family_tree,499,small
custom_order,399,medium
love_letter,299,small
baby_sign,299,small
pet_sign,499,large
pet_sign,499,large
custom_order,399,medium
pet_sign,299,small
pet_sign,499,large
custom_order,499,large
pet_sign,299,small
love_letter,399,medium
custom_order,499,large
pet_sign,499,large
family_tree,499,small
pet_sign,499,large
custom_order,499,large
custom_order,499,large
custom_order,399,medium
baby_sign,399,medium
pet_sign,499,large
baby_sign,399,medium
family_tree,999,large
love_letter,499,large
quotable,499,large
custom_order,499,large
baby_sign,299,small
pet_sign,399,medium
pet_sign,399,medium
quotable,499,large
pet_sign,499,large
love_letter,399,medium
pet_sign,499,large
love_letter,299,small
quotable,399,medium
love_letter,499,large
quotable,499,large
custom_order,499,large
pet_sign,499,large
pet_sign,399,medium
pet_sign,299,small
pet_sign,299,small
pet_sign,499,large
love_letter,299,small
family_tree,699,medium
love_letter,399,medium
baby_sign,399,medium
family_tree,999,large
custom_order,399,medium
love_letter,499,large
love_letter,399,medium
baby_sign,499,large
baby_sign,499,large
quotable,299,small
love_letter,399,medium
custom_order,299,small
pet_sign,399,medium
quotable,299,small
quotable,299,small
quotable,399,medium
quotable,299,small
love_letter,399,medium
love_letter,499,large
love_letter,499,large
love_letter,299,small
quotable,299,small
quotable,399,medium
quotable,499,large
love_letter,299,small
quotable,399,medium
family_tree,999,large
custom_order,499,large
pet_sign,299,small
love_letter,299,small
love_letter,399,medium
family_tree,499,small
love_letter,499,large
pet_sign,299,small
custom_order,399,medium
custom_order,299,small
love_letter,399,medium
family_tree,699,medium
baby_sign,499,large
family_tree,999,large
baby_sign,399,medium
family_tree,499,small
quotable,399,medium
love_letter,299,small
baby_sign,299,small
love_letter,399,medium
custom_order,499,large
family_tree,499,small
pet_sign,399,medium
baby_sign,299,small
love_letter,499,large
baby_sign,499,large
baby_sign,499,large
love_letter,399,medium
quotable,299,small
quotable,299,small
quotable,399,medium
baby_sign,499,large
love_letter,399,medium
family_tree,699,medium
love_letter,399,medium
baby_sign,499,large
baby_sign,399,medium
love_letter,399,medium
baby_sign,299,small
pet_sign,499,large
baby_sign,499,large
pet_sign,299,small
love_letter,299,small
pet_sign,299,small
custom_order,499,large
custom_order,399,medium
quotable,299,small
pet_sign,499,large
baby_sign,499,large
pet_sign,299,small
family_tree,699,medium
pet_sign,499,large
pet_sign,399,medium
pet_sign,499,large
family_tree,499,small
pet_sign,399,medium
custom_order,399,medium
baby_sign,499,large
baby_sign,499,large
love_letter,499,large
love_letter,299,small
custom_order,399,medium
love_letter,299,small
custom_order,299,small
quotable,499,large
quotable,499,large
baby_sign,299,small
custom_order,499,large
family_tree,999,large
family_tree,699,medium
love_letter,299,small
pet_sign,399,medium
baby_sign,499,large
custom_order,499,large
quotable,499,large
baby_sign,399,medium
family_tree,699,medium
family_tree,699,medium
baby_sign,499,large
baby_sign,299,small
quotable,399,medium
quotable,299,small
family_tree,999,large
love_letter,299,small
quotable,499,large
love_letter,399,medium
love_letter,299,small
love_letter,499,large
love_letter,299,small
baby_sign,499,large
custom_order,499,large
quotable,399,medium
pet_sign,299,small
love_letter,399,medium
custom_order,499,large
family_tree,699,medium
pet_sign,399,medium
pet_sign,299,small
quotable,299,small
baby_sign,399,medium
family_tree,699,medium
love_letter,399,medium
baby_sign,499,large
pet_sign,499,large
custom_order,499,large
family_tree,699,medium
love_letter,299,small
family_tree,999,large
pet_sign,499,large
love_letter,499,large
custom_order,499,large
quotable,499,large
pet_sign,499,large
pet_sign,399,medium
custom_order,399,medium
quotable,499,large
baby_sign,399,medium
love_letter,299,small
family_tree,499,small
family_tree,699,medium
quotable,299,small
family_tree,499,small
pet_sign,399,medium
love_letter,399,medium
quotable,299,small
pet_sign,399,medium
family_tree,999,large
family_tree,699,medium
custom_order,399,medium
baby_sign,399,medium
custom_order,299,small
quotable,299,small
pet_sign,399,medium
family_tree,999,large
family_tree,699,medium
custom_order,399,medium
love_letter,499,large
pet_sign,299,small
custom_order,299,small
quotable,499,large
quotable,499,large
quotable,299,small
custom_order,299,small
quotable,299,small
pet_sign,299,small
love_letter,399,medium
family_tree,999,large
baby_sign,499,large
family_tree,499,small
custom_order,399,medium
family_tree,999,large
family_tree,499,small
baby_sign,299,small
baby_sign,499,large
quotable,499,large
love_letter,399,medium
baby_sign,299,small
love_letter,499,large
baby_sign,499,large
baby_sign,299,small
quotable,499,large
custom_order,399,medium
baby_sign,299,small
family_tree,999,large
custom_order,499,large
family_tree,999,large
custom_order,499,large
baby_sign,499,large
quotable,499,large
love_letter,299,small
pet_sign,299,small
baby_sign,299,small
baby_sign,399,medium
baby_sign,399,medium
pet_sign,399,medium
family_tree,499,small
pet_sign,299,small
custom_order,399,medium
pet_sign,399,medium
baby_sign,399,medium
love_letter,499,large
family_tree,699,medium
pet_sign,499,large
pet_sign,399,medium
custom_order,499,large
custom_order,299,small
love_letter,399,medium
quotable,399,medium
family_tree,499,small
baby_sign,399,medium
baby_sign,499,large
family_tree,999,large
custom_order,499,large
family_tree,499,small
pet_sign,499,large
custom_order,299,small
family_tree,999,large
pet_sign,299,small
baby_sign,499,large
custom_order,399,medium
love_letter,499,large
pet_sign,299,small
custom_order,399,medium
family_tree,499,small
baby_sign,299,small
quotable,299,small
custom_order,299,small
pet_sign,499,large
family_tree,499,small
baby_sign,399,medium
baby_sign,299,small
pet_sign,299,small
family_tree,999,large
baby_sign,399,medium
love_letter,499,large
pet_sign,299,small
baby_sign,299,small
love_letter,299,small
pet_sign,499,large
custom_order,499,large
pet_sign,299,small
love_letter,499,large
custom_order,299,small
baby_sign,299,small
family_tree,499,small
quotable,499,large
pet_sign,299,small
custom_order,399,medium
quotable,399,medium
custom_order,399,medium
pet_sign,299,small
pet_sign,299,small
love_letter,399,medium
quotable,399,medium
quotable,299,small
pet_sign,399,medium
custom_order,399,medium
family_tree,499,small
custom_order,499,large
love_letter,499,large
family_tree,999,large
family_tree,499,small
quotable,499,large
love_letter,499,large
baby_sign,499,large
pet_sign,299,small
baby_sign,399,medium
love_letter,399,medium
baby_sign,399,medium
family_tree,999,large
baby_sign,299,small
pet_sign,299,small
family_tree,699,medium
quotable,499,large
quotable,399,medium
pet_sign,399,medium
baby_sign,299,small
custom_order,499,large
quotable,399,medium
love_letter,499,large
custom_order,499,large
family_tree,699,medium
quotable,399,medium
pet_sign,299,small
quotable,399,medium
love_letter,499,large
baby_sign,499,large
pet_sign,299,small
pet_sign,299,small
custom_order,299,small
quotable,399,medium
baby_sign,299,small
quotable,399,medium
family_tree,499,small
quotable,499,large
love_letter,399,medium
custom_order,299,small
love_letter,499,large
baby_sign,399,medium
love_letter,399,medium
baby_sign,399,medium
quotable,399,medium
family_tree,499,small
baby_sign,499,large
custom_order,299,small
love_letter,399,medium
quotable,399,medium
custom_order,399,medium
family_tree,699,medium
pet_sign,399,medium
pet_sign,399,medium
love_letter,399,medium
family_tree,499,small
custom_order,299,small
quotable,299,small
quotable,299,small
baby_sign,399,medium
quotable,399,medium
love_letter,399,medium
family_tree,499,small
love_letter,499,large
family_tree,499,small
quotable,499,large
love_letter,499,large
quotable,499,large
custom_order,399,medium
family_tree,699,medium
pet_sign,399,medium
baby_sign,299,small
pet_sign,399,medium
pet_sign,499,large
family_tree,699,medium
custom_order,399,medium
love_letter,299,small
family_tree,999,large
family_tree,499,small
family_tree,999,large
pet_sign,399,medium
custom_order,499,large
love_letter,299,small
love_letter,299,small
pet_sign,299,small
love_letter,399,medium
pet_sign,499,large
quotable,299,small
baby_sign,299,small
pet_sign,399,medium
pet_sign,499,large
pet_sign,499,large
love_letter,299,small
custom_order,399,medium
love_letter,399,medium
baby_sign,299,small
quotable,299,small
baby_sign,299,small
love_letter,499,large
custom_order,499,large
quotable,299,small
custom_order,399,medium
pet_sign,299,small
quotable,399,medium
family_tree,999,large
family_tree,699,medium
quotable,499,large
love_letter,399,medium
family_tree,999,large
love_letter,299,small
family_tree,499,small
baby_sign,299,small
custom_order,299,small
baby_sign,399,medium
baby_sign,399,medium
baby_sign,499,large
love_letter,299,small
pet_sign,299,small
baby_sign,399,medium
pet_sign,399,medium
pet_sign,499,large
baby_sign,499,large
quotable,299,small
baby_sign,299,small
custom_order,399,medium
love_letter,499,large
love_letter,299,small
pet_sign,499,large
love_letter,499,large
baby_sign,299,small
pet_sign,499,large
pet_sign,399,medium
quotable,399,medium
custom_order,399,medium
pet_sign,399,medium
baby_sign,499,large
baby_sign,399,medium
quotable,299,small
pet_sign,299,small
quotable,499,large
baby_sign,499,large
pet_sign,399,medium
baby_sign,399,medium
love_letter,499,large
family_tree,499,small
love_letter,399,medium
custom_order,399,medium
love_letter,299,small
quotable,299,small
family_tree,499,small
pet_sign,499,large
quotable,299,small
family_tree,999,large
baby_sign,499,large
custom_order,399,medium
love_letter,299,small
pet_sign,399,medium
baby_sign,399,medium
family_tree,699,medium
quotable,499,large
baby_sign,299,small
love_letter,499,large
custom_order,299,small
custom_order,499,large
quotable,499,large
love_letter,299,small
family_tree,699,medium
family_tree,499,small
love_letter,299,small
baby_sign,399,medium
quotable,499,large
love_letter,399,medium
family_tree,999,large
baby_sign,499,large
love_letter,499,large
custom_order,399,medium
family_tree,699,medium
quotable,499,large
family_tree,499,small
family_tree,699,medium
pet_sign,499,large
love_letter,399,medium
pet_sign,499,large
baby_sign,399,medium
quotable,299,small
quotable,499,large
baby_sign,399,medium
pet_sign,299,small
quotable,499,large
pet_sign,399,medium
family_tree,699,medium
baby_sign,399,medium
baby_sign,299,small
family_tree,699,medium
baby_sign,399,medium
baby_sign,399,medium
custom_order,299,small
baby_sign,299,small
custom_order,399,medium
love_letter,499,large
quotable,499,large
family_tree,699,medium
love_letter,399,medium
pet_sign,499,large
baby_sign,399,medium
love_letter,399,medium
quotable,399,medium
baby_sign,499,large
family_tree,699,medium
baby_sign,499,large
custom_order,299,small
baby_sign,399,medium
love_letter,299,small
quotable,499,large
love_letter,399,medium
pet_sign,399,medium
love_letter,399,medium
family_tree,499,small
pet_sign,299,small
quotable,299,small
pet_sign,499,large
pet_sign,499,large
pet_sign,399,medium
custom_order,399,medium
pet_sign,499,large
pet_sign,399,medium
baby_sign,399,medium
baby_sign,499,large
love_letter,399,medium
pet_sign,299,small
custom_order,399,medium
quotable,299,small
quotable,399,medium
pet_sign,299,small
quotable,299,small
family_tree,699,medium
quotable,299,small
baby_sign,499,large
family_tree,999,large
quotable,399,medium
custom_order,499,large
pet_sign,499,large
pet_sign,299,small
family_tree,499,small
pet_sign,399,medium
love_letter,399,medium
custom_order,499,large
quotable,399,medium
custom_order,399,medium
family_tree,499,small
baby_sign,399,medium
pet_sign,499,large
family_tree,499,small
pet_sign,499,large
love_letter,499,large
baby_sign,299,small
love_letter,499,large
baby_sign,499,large
custom_order,499,large
custom_order,299,small
baby_sign,499,large
family_tree,999,large
family_tree,699,medium
pet_sign,499,large
love_letter,499,large
custom_order,399,medium
quotable,299,small
love_letter,299,small
pet_sign,499,large
pet_sign,299,small
family_tree,999,large
family_tree,999,large
love_letter,399,medium
custom_order,399,medium
quotable,499,large
pet_sign,399,medium
custom_order,299,small
love_letter,399,medium
custom_order,399,medium
quotable,399,medium
family_tree,499,small
family_tree,999,large
pet_sign,299,small
pet_sign,299,small
quotable,299,small
pet_sign,299,small
quotable,499,large
quotable,399,medium
family_tree,999,large
family_tree,999,large
baby_sign,399,medium
pet_sign,499,large
pet_sign,399,medium
family_tree,999,large
custom_order,299,small
custom_order,399,medium
baby_sign,499,large
quotable,299,small
family_tree,499,small
family_tree,499,small
love_letter,499,large
love_letter,299,small
custom_order,499,large
custom_order,499,large
custom_order,399,medium
family_tree,999,large
pet_sign,299,small
pet_sign,299,small
love_letter,499,large
baby_sign,299,small
quotable,499,large
quotable,299,small
baby_sign,399,medium
custom_order,399,medium
love_letter,299,small
quotable,499,large
pet_sign,299,small
custom_order,399,medium
love_letter,499,large
pet_sign,499,large
baby_sign,299,small
pet_sign,299,small
custom_order,499,large
custom_order,499,large
quotable,299,small
baby_sign,399,medium
baby_sign,399,medium
love_letter,499,large
baby_sign,299,small
quotable,399,medium
family_tree,699,medium
love_letter,499,large
baby_sign,399,medium
family_tree,999,large
quotable,399,medium
pet_sign,499,large
love_letter,499,large
baby_sign,299,small
family_tree,699,medium
love_letter,299,small
pet_sign,399,medium
quotable,399,medium
baby_sign,499,large
custom_order,399,medium
pet_sign,399,medium
quotable,399,medium
custom_order,499,large
custom_order,299,small
love_letter,299,small
pet_sign,499,large
custom_order,399,medium
love_letter,299,small
pet_sign,399,medium
custom_order,399,medium
love_letter,499,large
custom_order,299,small
custom_order,499,large
baby_sign,499,large
quotable,499,large
baby_sign,499,large
baby_sign,399,medium
family_tree,699,medium
custom_order,299,small
baby_sign,299,small
custom_order,499,large
quotable,499,large
quotable,399,medium
quotable,499,large
love_letter,299,small
custom_order,399,medium
family_tree,699,medium
family_tree,699,medium
pet_sign,499,large
pet_sign,399,medium
pet_sign,299,small
pet_sign,399,medium
family_tree,999,large
family_tree,699,medium
pet_sign,499,large
family_tree,999,large
love_letter,299,small
pet_sign,399,medium
pet_sign,499,large
family_tree,699,medium
family_tree,999,large
baby_sign,499,large
baby_sign,399,medium
love_letter,399,medium
love_letter,299,small
baby_sign,299,small
pet_sign,399,medium
family_tree,699,medium
pet_sign,299,small
family_tree,699,medium
quotable,299,small
custom_order,399,medium
custom_order,499,large
quotable,499,large
custom_order,399,medium
baby_sign,499,large
custom_order,299,small
custom_order,499,large
quotable,299,small
love_letter,499,large
baby_sign,399,medium
love_letter,299,small
pet_sign,499,large
family_tree,499,small
family_tree,999,large
custom_order,299,small
pet_sign,499,large
custom_order,499,large
quotable,299,small
family_tree,699,medium
quotable,499,large
pet_sign,299,small
custom_order,499,large
love_letter,299,small
quotable,499,large
baby_sign,299,small
baby_sign,399,medium
quotable,299,small
baby_sign,299,small
baby_sign,499,large
quotable,499,large
custom_order,399,medium
pet_sign,499,large
family_tree,999,large
custom_order,399,medium
love_letter,499,large
quotable,299,small
baby_sign,499,large
pet_sign,399,medium
custom_order,399,medium
love_letter,499,large
pet_sign,499,large
pet_sign,299,small
pet_sign,299,small
baby_sign,299,small
baby_sign,399,medium
quotable,299,small
quotable,299,small
family_tree,499,small
baby_sign,499,large
quotable,499,large
custom_order,399,medium
love_letter,399,medium
love_letter,399,medium
pet_sign,299,small
pet_sign,499,large
baby_sign,499,large
pet_sign,299,small
love_letter,299,small
baby_sign,399,medium
baby_sign,499,large
pet_sign,299,small
pet_sign,399,medium
pet_sign,399,medium
baby_sign,299,small
quotable,499,large
family_tree,499,small
custom_order,499,large
quotable,299,small
family_tree,699,medium
custom_order,299,small
quotable,299,small
quotable,499,large
baby_sign,399,medium
baby_sign,399,medium
quotable,499,large
custom_order,499,large
love_letter,299,small
custom_order,399,medium
pet_sign,399,medium
family_tree,499,small
love_letter,399,medium
quotable,299,small
family_tree,999,large
pet_sign,499,large
quotable,399,medium
quotable,299,small
love_letter,399,medium
pet_sign,299,small
family_tree,999,large
quotable,499,large
family_tree,999,large
custom_order,499,large
custom_order,499,large
love_letter,399,medium
baby_sign,499,large
baby_sign,299,small
pet_sign,399,medium
custom_order,499,large
pet_sign,499,large
quotable,399,medium
custom_order,299,small
love_letter,399,medium
love_letter,499,large
family_tree,699,medium
pet_sign,499,large
pet_sign,499,large
family_tree,499,small
family_tree,499,small
baby_sign,399,medium
pet_sign,499,large
quotable,399,medium
custom_order,399,medium
quotable,499,large
love_letter,299,small
family_tree,499,small
custom_order,399,medium
love_letter,399,medium
pet_sign,299,small
quotable,299,small
family_tree,999,large
pet_sign,299,small
love_letter,499,large
quotable,399,medium
quotable,299,small
pet_sign,499,large
pet_sign,499,large
pet_sign,399,medium
custom_order,299,small
love_letter,499,large
love_letter,299,small
quotable,299,small
quotable,399,medium
love_letter,499,large
love_letter,399,medium
love_letter,499,large
love_letter,499,large
pet_sign,299,small
love_letter,399,medium
custom_order,299,small
quotable,299,small
family_tree,499,small
quotable,499,large
pet_sign,299,small
custom_order,299,small
custom_order,399,medium
baby_sign,299,small
custom_order,399,medium
quotable,499,large
love_letter,499,large
love_letter,299,small
love_letter,299,small
custom_order,399,medium
pet_sign,299,small
family_tree,499,small
baby_sign,399,medium
family_tree,999,large
quotable,299,small
family_tree,999,large
baby_sign,399,medium
love_letter,299,small
pet_sign,299,small
pet_sign,499,large
baby_sign,399,medium
quotable,499,large
family_tree,499,small
custom_order,299,small
love_letter,299,small
love_letter,299,small
custom_order,399,medium
love_letter,299,small
baby_sign,399,medium
family_tree,999,large
love_letter,399,medium
love_letter,299,small
baby_sign,399,medium
pet_sign,299,small
love_letter,299,small
custom_order,399,medium
pet_sign,299,small
love_letter,299,small
baby_sign,399,medium
baby_sign,299,small
pet_sign,399,medium
family_tree,999,large
pet_sign,299,small
baby_sign,499,large
baby_sign,499,large
baby_sign,299,small
family_tree,499,small
family_tree,699,medium
quotable,499,large
custom_order,499,large
family_tree,499,small
family_tree,499,small
pet_sign,499,large
pet_sign,399,medium
quotable,299,small
pet_sign,399,medium
love_letter,399,medium
pet_sign,299,small
custom_order,299,small
baby_sign,499,large
love_letter,299,small
love_letter,299,small
love_letter,499,large
pet_sign,299,small
quotable,399,medium
baby_sign,499,large
pet_sign,499,large
pet_sign,499,large
quotable,499,large
pet_sign,399,medium
love_letter,299,small
baby_sign,499,large
family_tree,499,small
quotable,499,large
pet_sign,399,medium
custom_order,499,large
quotable,399,medium
custom_order,399,medium
pet_sign,499,large
custom_order,299,small
quotable,299,small
quotable,499,large
family_tree,499,small
custom_order,399,medium
love_letter,299,small
love_letter,499,large
pet_sign,499,large
baby_sign,399,medium
love_letter,399,medium
custom_order,299,small
pet_sign,399,medium
baby_sign,399,medium
quotable,399,medium
custom_order,299,small
love_letter,399,medium
custom_order,499,large
love_letter,299,small
love_letter,299,small
pet_sign,499,large
love_letter,399,medium
family_tree,499,small
family_tree,699,medium
love_letter,299,small
love_letter,399,medium
custom_order,399,medium
pet_sign,399,medium
baby_sign,499,large
love_letter,299,small
baby_sign,299,small
pet_sign,399,medium
custom_order,399,medium
baby_sign,499,large
baby_sign,399,medium
baby_sign,399,medium
custom_order,299,small
custom_order,399,medium
baby_sign,399,medium
family_tree,699,medium
love_letter,399,medium
pet_sign,399,medium
custom_order,399,medium
love_letter,499,large
quotable,499,large
love_letter,399,medium
custom_order,399,medium
quotable,499,large
pet_sign,299,small
pet_sign,299,small
baby_sign,299,small
quotable,399,medium
custom_order,399,medium
quotable,299,small
baby_sign,499,large
family_tree,499,small
family_tree,999,large
quotable,299,small
family_tree,699,medium
family_tree,499,small
love_letter,299,small
family_tree,499,small
baby_sign,299,small
quotable,399,medium
quotable,499,large
love_letter,299,small
love_letter,499,large
family_tree,999,large
custom_order,299,small
quotable,499,large
custom_order,299,small
family_tree,699,medium
baby_sign,499,large
baby_sign,299,small
family_tree,499,small
family_tree,999,large
quotable,399,medium
love_letter,499,large
family_tree,999,large
custom_order,299,small
custom_order,499,large
custom_order,499,large
pet_sign,299,small
family_tree,499,small
custom_order,399,medium
love_letter,299,small
family_tree,999,large
custom_order,299,small
pet_sign,499,large
family_tree,499,small
love_letter,299,small
baby_sign,399,medium
custom_order,399,medium
custom_order,399,medium
family_tree,999,large
family_tree,699,medium
love_letter,399,medium
family_tree,699,medium
pet_sign,299,small
family_tree,999,large
